{
  "warehouses": [
    {
      "id": 8,
      "name": "Entrepôt d'Abidjan",
      "location": "Abidjan, Deux plateaux Vallon"
    },
    {
      "id": 9,
      "name": "Entrepos de Yakro",
      "location": "Yamoussoukro"
    },
    {
      "id": 10,
      "name": "Entrepôt  de Bouaké",
      "location": "Bouaké"
    },
    {
      "id": 11,
      "name": "TEST",
      "location": "GHFGHH"
    }
  ],
  "trucks_per_warehouse": [
    {
      "entrepotId": 8,
      "count": 2
    },
    {
      "entrepotId": 9,
      "count": 6
    },
    {
      "entrepotId": 10,
      "count": 13
    }
  ],
  "recent_trucks": [
    {
      "id": 21,
      "entrepotId": 8,
      "immatriculation": "uuitu",
      "transporteur": "yves"
    },
    {
      "id": 20,
      "entrepotId": 8,
      "immatriculation": "23",
      "transporteur": "jiles"
    },
    {
      "id": 19,
      "entrepotId": 10,
      "immatriculation": "AAAAAAA",
      "transporteur": "Franck Kouamé"
    },
    {
      "id": 18,
      "entrepotId": 10,
      "immatriculation": "ARTZ23",
      "transporteur": "Marc Alex Koffi"
    },
    {
      "id": 17,
      "entrepotId": 10,
      "immatriculation": "AAAAAAA",
      "transporteur": "Paul Yves"
    },
    {
      "id": 16,
      "entrepotId": 10,
      "immatriculation": "ARTZ23",
      "transporteur": "Franck Kouamé"
    },
    {
      "id": 15,
      "entrepotId": 10,
      "immatriculation": "NNNNNNN",
      "transporteur": "Paul Yves"
    },
    {
      "id": 14,
      "entrepotId": 10,
      "immatriculation": "REZ32",
      "transporteur": "Paul Yves"
    },
    {
      "id": 13,
      "entrepotId": 9,
      "immatriculation": "B3426A",
      "transporteur": "Marc Alex Koffi"
    },
    {
      "id": 12,
      "entrepotId": 9,
      "immatriculation": "ZZZAAA",
      "transporteur": "Anne Myra"
    }
  ]
}